Nama Bank,Jumlah Pinjaman,Persen Bunga,Bunga Angsuran,Angsuran Pokok
Mandiri,2000000,6.0%,120000.0,55555.555555555555
Mandiri,3200000,2.0%,64000.0,17777.777777777777
